_id,type,document
ObjectId(56e00953928dff90069783a1),Member,ObjectId(5616e76ccb8cc0d206617a56)
ObjectId(56e00953928dff90069783a2),Member,ObjectId(5616e76ccb8cc0d206617a56)
ObjectId(56e00953928dff90069783a3),Member,ObjectId(565b9bdf32780a54044a9c12)
ObjectId(56e00953928dff90069783a4),Member,ObjectId(565bfba432780a54044a9c15)
ObjectId(56e00953928dff90069783a5),Member,ObjectId(565edf2f32780a54044a9c18)
ObjectId(56e00953928dff90069783a6),Member,ObjectId(56606acf47fe0a8231281c3b)
ObjectId(56e00953928dff90069783a7),Member,ObjectId(5662d7bf47fe0a8231281c3e)
ObjectId(56e00953928dff90069783a8),Member,ObjectId(5665eade47fe0a8231281c41)
ObjectId(56e00953928dff90069783a9),Member,ObjectId(56669db847fe0a8231281c44)
ObjectId(56e00953928dff90069783aa),Member,ObjectId(5667e9b647fe0a8231281c47)
ObjectId(56e00953928dff90069783ab),Member,ObjectId(5668645e47fe0a8231281c4a)
ObjectId(56e00953928dff90069783ac),Member,ObjectId(56689d0c47fe0a8231281c4d)
ObjectId(56e00953928dff90069783ad),Member,ObjectId(566a7d3561701e376b395baf)
ObjectId(56e00953928dff90069783ae),Member,ObjectId(566a7d9a61701e376b395bb4)
ObjectId(56e00953928dff90069783af),Member,ObjectId(566a800c61701e376b395bb9)
ObjectId(56e00953928dff90069783b0),Member,ObjectId(566a801361701e376b395bbc)
ObjectId(56e00953928dff90069783b1),Member,ObjectId(566a802261701e376b395bc5)
ObjectId(56e00953928dff90069783b2),Member,ObjectId(566a802b61701e376b395bd5)
ObjectId(56e00953928dff90069783b3),Member,ObjectId(566a802b61701e376b395bd9)
ObjectId(56e00953928dff90069783b4),Member,ObjectId(566a802b61701e376b395bde)
ObjectId(56e00953928dff90069783b5),Member,ObjectId(566a802b61701e376b395be6)
ObjectId(56e00953928dff90069783b6),Member,ObjectId(566a803661701e376b395c2f)
ObjectId(56e00953928dff90069783b7),Member,ObjectId(566a803661701e376b395c32)
ObjectId(56e00953928dff90069783b8),Member,ObjectId(566a803661701e376b395c4a)
ObjectId(56e00953928dff90069783b9),Member,ObjectId(566a803661701e376b395c4d)
ObjectId(56e00953928dff90069783ba),Member,ObjectId(566a803661701e376b395c51)
ObjectId(56e00953928dff90069783bb),Member,ObjectId(566a803661701e376b395c53)
ObjectId(56e00953928dff90069783bc),Member,ObjectId(566a803661701e376b395c54)
ObjectId(56e00953928dff90069783bd),Member,ObjectId(566a803661701e376b395c55)
ObjectId(56e00953928dff90069783be),Member,ObjectId(566dd31a61701e376b395ed2)
ObjectId(56e00953928dff90069783bf),Member,ObjectId(566e80f561701e376b395ed8)
ObjectId(56e00953928dff90069783c0),Member,ObjectId(566e97f261701e376b395edb)
ObjectId(56e00953928dff90069783c1),Member,ObjectId(566eed1661701e376b395ede)
ObjectId(56e00953928dff90069783c2),Member,ObjectId(5671908c61701e376b395ee6)
ObjectId(56e00953928dff90069783c3),Member,ObjectId(5673df8761701e376b395ee9)
ObjectId(56e00953928dff90069783c4),Member,ObjectId(567415e361701e376b395eec)
ObjectId(56e00953928dff90069783c5),Member,ObjectId(567bc68df80c594e3c22d03f)
ObjectId(56e00953928dff90069783c6),Member,ObjectId(567ef4fef80c594e3c22d04b)
ObjectId(56e00953928dff90069783c7),Member,ObjectId(567f085bf80c594e3c22d04e)
ObjectId(56e00953928dff90069783c8),Member,ObjectId(567fc45ef80c594e3c22d051)
ObjectId(56e00953928dff90069783c9),Member,ObjectId(567fe69ff80c594e3c22d054)
ObjectId(56e00953928dff90069783ca),Member,ObjectId(56823ddef80c594e3c22d059)
ObjectId(56e00953928dff90069783cb),Member,ObjectId(5682dcaaf80c594e3c22d05c)
ObjectId(56e00953928dff90069783cc),Member,ObjectId(56866ebbf80c594e3c22d063)
ObjectId(56e00953928dff90069783cd),Member,ObjectId(56883124f80c594e3c22d066)
ObjectId(56e00953928dff90069783ce),Member,ObjectId(5689112df80c594e3c22d069)
ObjectId(56e00953928dff90069783cf),Member,ObjectId(568a5cbaf80c594e3c22d06e)
ObjectId(56e00953928dff90069783d0),Member,ObjectId(568bee3593b79b544598a196)
ObjectId(56e00953928dff90069783d1),Member,ObjectId(568d29b093b79b544598a199)
ObjectId(56e00953928dff90069783d2),Member,ObjectId(568d633093b79b544598a19c)
ObjectId(56e00953928dff90069783d3),Member,ObjectId(568eab5393b79b544598a1a1)
ObjectId(56e00953928dff90069783d4),Member,ObjectId(56904a6d93b79b544598a1a4)
ObjectId(56e00953928dff90069783d5),Member,ObjectId(56910d6393b79b544598a1a7)
ObjectId(56e00953928dff90069783d6),Member,ObjectId(56936aff93b79b544598a1aa)
ObjectId(56e00953928dff90069783d7),Member,ObjectId(56967599a56a58ce61a002b5)
ObjectId(56e00953928dff90069783d8),Member,ObjectId(569a7baf65b99f68585aa78c)
ObjectId(56e00953928dff90069783d9),Member,ObjectId(569cbc1065b99f68585aa78f)
ObjectId(56e00953928dff90069783da),Member,ObjectId(569d55b765b99f68585aa792)
ObjectId(56e00953928dff90069783db),Member,ObjectId(569e113865b99f68585aa796)
ObjectId(56e00953928dff90069783dc),Member,ObjectId(569e17b865b99f68585aa799)
ObjectId(56e00953928dff90069783dd),Member,ObjectId(56a0976765b99f68585aa7a0)
ObjectId(56e00953928dff90069783de),Member,ObjectId(56a0be2665b99f68585aa7a3)
ObjectId(56e00953928dff90069783df),Member,ObjectId(56a52d0665b99f68585aa7a6)
ObjectId(56e00953928dff90069783e0),Member,ObjectId(56a7d68265b99f68585aa7a9)
ObjectId(56e00953928dff90069783e1),Member,ObjectId(56a9279765b99f68585aa7ac)
ObjectId(56e00953928dff90069783e2),Member,ObjectId(56aa12e465b99f68585aa7b2)
ObjectId(56e00953928dff90069783e3),Member,ObjectId(56ad50ac65b99f68585aa7b5)
ObjectId(56e00953928dff90069783e4),Member,ObjectId(56addacd65b99f68585aa7b8)
ObjectId(56e00953928dff90069783e5),Member,ObjectId(56adf21165b99f68585aa7bb)
ObjectId(56e00953928dff90069783e6),Member,ObjectId(56af425365b99f68585aa7c1)
ObjectId(56e00953928dff90069783e7),Member,ObjectId(56b0e083d78a0bb3643008b7)
ObjectId(56e00953928dff90069783e8),Member,ObjectId(56b0e1d2d78a0bb3643008ba)
ObjectId(56e00953928dff90069783e9),Member,ObjectId(56b0e406d78a0bb3643008bd)
ObjectId(56e00953928dff90069783ea),Member,ObjectId(56b3a189d78a0bb3643008da)
ObjectId(56e00953928dff90069783eb),Member,ObjectId(56b44cd0d78a0bb3643008dd)
ObjectId(56e00953928dff90069783ec),Member,ObjectId(56b4dae4d78a0bb3643008e0)
ObjectId(56e00953928dff90069783ed),Member,ObjectId(56b7a483d78a0bb3643008e3)
ObjectId(56e00953928dff90069783ee),Member,ObjectId(56ba21bfd78a0bb3643008e6)
ObjectId(56e00953928dff90069783ef),Member,ObjectId(56bb1491d78a0bb3643008e9)
ObjectId(56e00953928dff90069783f0),Member,ObjectId(56bb20dbd78a0bb3643008ec)
ObjectId(56e00953928dff90069783f1),Member,ObjectId(56bc822e975abc1d36eca4dd)
ObjectId(56e00953928dff90069783f2),Member,ObjectId(56bca59e975abc1d36eca4ff)
ObjectId(56e00953928dff90069783f3),Member,ObjectId(56bcd284975abc1d36eca502)
ObjectId(56e00954928dff90069783f4),Member,ObjectId(56bcf7a5975abc1d36eca50a)
ObjectId(56e00954928dff90069783f5),Member,ObjectId(56bdcf1b975abc1d36eca50e)
ObjectId(56e00954928dff90069783f6),Member,ObjectId(56bed443975abc1d36eca511)
ObjectId(56e00954928dff90069783f7),Member,ObjectId(56c0d85d975abc1d36eca514)
ObjectId(56e00954928dff90069783f8),Member,ObjectId(56c236f0975abc1d36eca517)
ObjectId(56e00954928dff90069783f9),Member,ObjectId(56c2c8c1975abc1d36eca51a)
ObjectId(56e00954928dff90069783fa),Member,ObjectId(56c2f02b975abc1d36eca51f)
ObjectId(56e00954928dff90069783fb),Member,ObjectId(56c372b4975abc1d36eca522)
ObjectId(56e00954928dff90069783fc),Member,ObjectId(56c499b4975abc1d36eca525)
ObjectId(56e00954928dff90069783fd),Member,ObjectId(56c499e5975abc1d36eca528)
ObjectId(56e00954928dff90069783fe),Member,ObjectId(56c589e0975abc1d36eca52b)
ObjectId(56e00954928dff90069783ff),Member,ObjectId(56c62368975abc1d36eca52e)
ObjectId(56e00954928dff9006978400),Member,ObjectId(56c63988975abc1d36eca531)
ObjectId(56e00954928dff9006978401),Member,ObjectId(56c83e72975abc1d36eca534)
ObjectId(56e00954928dff9006978402),Member,ObjectId(56c856d5975abc1d36eca537)
ObjectId(56e00954928dff9006978403),Member,ObjectId(56c86135975abc1d36eca53a)
ObjectId(56e00954928dff9006978404),Member,ObjectId(56c8d474975abc1d36eca53d)
ObjectId(56e00954928dff9006978405),Member,ObjectId(56cb6dbdc2b17235234b5641)
ObjectId(56e00954928dff9006978406),Member,ObjectId(56cb9152c2b17235234b5644)
ObjectId(56e00954928dff9006978407),Member,ObjectId(56cc6d4dc2b17235234b5647)
ObjectId(56e00954928dff9006978408),Member,ObjectId(56cc73dac2b17235234b564a)
ObjectId(56e00954928dff9006978409),Member,ObjectId(56ce029e909d2da6541c1b21)
ObjectId(56e00954928dff900697840a),Member,ObjectId(56ced1c5909d2da6541c1b24)
ObjectId(56e00954928dff900697840b),Member,ObjectId(56cf242c909d2da6541c1b27)
ObjectId(56e00954928dff900697840c),Member,ObjectId(56d04f5b909d2da6541c1b2a)
ObjectId(56e00954928dff900697840d),Member,ObjectId(56d208c2909d2da6541c1b2d)
ObjectId(56e00954928dff900697840e),Member,ObjectId(56d41c52909d2da6541c1b30)
ObjectId(56e00954928dff900697840f),Member,ObjectId(56d5fd16909d2da6541c1b3a)
ObjectId(56e00954928dff9006978410),Member,ObjectId(56d68ffb909d2da6541c1b3d)
ObjectId(56e00954928dff9006978411),Member,ObjectId(56d8a13ff0ce8fe103f4a0b3)
ObjectId(56e00954928dff9006978412),Member,ObjectId(56d9329df0ce8fe103f4a0b6)
ObjectId(56e00954928dff9006978413),Member,ObjectId(56d98920f0ce8fe103f4a0b9)
ObjectId(56e00954928dff9006978414),Member,ObjectId(56dec3a4f0ce8fe103f4a0bc)
ObjectId(56e00954928dff9006978415),Member,ObjectId(56dee8d8f0ce8fe103f4a0bf)
ObjectId(56e00954928dff9006978416),Member,ObjectId(56deffd0f0ce8fe103f4a0c2)
ObjectId(56e0153051cd417410609399),EventParticipant,ObjectId(56e0153051cd417410609398)
ObjectId(56e1b90e405793921950cacc),Member,ObjectId(56e1b90e405793921950cacb)
ObjectId(56e1da4e405793921950cad0),Member,ObjectId(56e1da4e405793921950cacf)
ObjectId(56e1db9e405793921950cad4),Member,ObjectId(56e1db9e405793921950cad3)
ObjectId(56e26d90405793921950cada),Member,ObjectId(56e26d90405793921950cad9)
ObjectId(56e2952c405793921950cade),Member,ObjectId(56e2952c405793921950cadd)
ObjectId(56e2ce35405793921950cae2),Member,ObjectId(56e2ce35405793921950cae1)
ObjectId(56e3d5e8405793921950cae6),Member,ObjectId(56e3d5e8405793921950cae5)
ObjectId(56e5673c405793921950caea),Member,ObjectId(56e5673c405793921950cae9)
ObjectId(56e7220e405793921950caf0),Member,ObjectId(56e7220e405793921950caef)
ObjectId(56e7d8a6e197300c164d321c),EventParticipant,ObjectId(56e7d8a6e197300c164d321b)
ObjectId(56e7d8b2e197300c164d3220),EventParticipant,ObjectId(56e7d8b2e197300c164d321f)
ObjectId(56ed815db25d858954fd7219),Member,ObjectId(5616e76ccb8cc0d206617a56)
ObjectId(56edcbe9b25d858954fd721d),Member,ObjectId(56edcbe9b25d858954fd721c)
ObjectId(56effc67b25d858954fd7225),Member,ObjectId(56effc67b25d858954fd7224)
ObjectId(56f0049cb25d858954fd7229),Member,ObjectId(56f0049cb25d858954fd7228)
ObjectId(56f0f402b25d858954fd722d),Member,ObjectId(56f0f402b25d858954fd722c)
ObjectId(56f13f77b25d858954fd7231),Member,ObjectId(56f13f77b25d858954fd7230)
ObjectId(56f18e9bb25d858954fd7235),Member,ObjectId(56f18e9bb25d858954fd7234)
ObjectId(56f1a599b25d858954fd7239),EventParticipant,ObjectId(56f1a599b25d858954fd7238)
ObjectId(56f1a6aeb25d858954fd723d),EventParticipant,ObjectId(56f1a6aeb25d858954fd723c)
ObjectId(56f1af7fb25d858954fd7244),EventParticipant,ObjectId(56f1af7fb25d858954fd7243)
ObjectId(56f1c815b25d858954fd724e),EventParticipant,ObjectId(56f1c815b25d858954fd724d)
ObjectId(56f399a6b25d858954fd7252),EventParticipant,ObjectId(56f399a6b25d858954fd7251)
ObjectId(56f3d281b25d858954fd7256),Member,ObjectId(56f3d281b25d858954fd7255)
ObjectId(56f46701b25d858954fd725a),Member,ObjectId(56f46701b25d858954fd7259)
ObjectId(56f51adcb25d858954fd725e),Member,ObjectId(56f51adcb25d858954fd725d)
ObjectId(56f6b89db25d858954fd7262),EventParticipant,ObjectId(56f6b89db25d858954fd7261)
ObjectId(56f6c0aab25d858954fd7266),EventParticipant,ObjectId(56f6c0aab25d858954fd7265)
ObjectId(56f6c141b25d858954fd726a),EventParticipant,ObjectId(56f6c141b25d858954fd7269)
ObjectId(56f6c358b25d858954fd726e),EventParticipant,ObjectId(56f6c358b25d858954fd726d)
ObjectId(56f6d1fcb25d858954fd7272),EventParticipant,ObjectId(56f6d1fcb25d858954fd7271)
ObjectId(56f6d281b25d858954fd7276),EventParticipant,ObjectId(56f6d281b25d858954fd7275)
ObjectId(56f8355ab25d858954fd727b),Member,ObjectId(56f8355ab25d858954fd727a)
ObjectId(56f8e5cdb25d858954fd727f),EventParticipant,ObjectId(56f8e5cdb25d858954fd727e)
ObjectId(56f8e652b25d858954fd7283),EventParticipant,ObjectId(56f8e652b25d858954fd7282)
ObjectId(56f92f45b25d858954fd7287),EventParticipant,ObjectId(56f92f45b25d858954fd7286)
ObjectId(56f92fd1b25d858954fd728b),EventParticipant,ObjectId(56f92fd1b25d858954fd728a)
ObjectId(56f9539eb25d858954fd728f),EventParticipant,ObjectId(56f9539eb25d858954fd728e)
ObjectId(56f95412b25d858954fd7293),EventParticipant,ObjectId(56f95412b25d858954fd7292)
ObjectId(56f9788fb25d858954fd7297),EventParticipant,ObjectId(56f9788fb25d858954fd7296)
ObjectId(56f9832ffbc95ecd20144610),EventParticipant,ObjectId(56f9832ffbc95ecd2014460f)
ObjectId(56f983d0fbc95ecd20144614),EventParticipant,ObjectId(56f983d0fbc95ecd20144613)
ObjectId(56fa34fafbc95ecd20144618),EventParticipant,ObjectId(56fa34fafbc95ecd20144617)
ObjectId(56fa6feae18bc300388848e9),EventParticipant,ObjectId(56fa6feae18bc300388848e8)
ObjectId(56faa81ce18bc300388848ed),EventParticipant,ObjectId(56faa81ce18bc300388848ec)
ObjectId(56fbb8ede18bc300388848f1),EventParticipant,ObjectId(56fbb8ede18bc300388848f0)
ObjectId(56fbd0a6e18bc300388848f5),Member,ObjectId(56fbd0a6e18bc300388848f4)
ObjectId(56fbe8c9e18bc300388848f9),Member,ObjectId(56fbe8c9e18bc300388848f8)
ObjectId(56fc09c6e18bc300388848fd),EventParticipant,ObjectId(56fc09c6e18bc300388848fc)
ObjectId(56fc0a19e18bc30038884901),EventParticipant,ObjectId(56fc0a19e18bc30038884900)
ObjectId(56fce644e18bc30038884905),Member,ObjectId(56fce644e18bc30038884904)
ObjectId(56fe28e2e18bc30038884909),Member,ObjectId(56fe28e2e18bc30038884908)
ObjectId(5700c3ede18bc3003888490d),Member,ObjectId(5700c3ede18bc3003888490c)
ObjectId(5701458ae18bc30038884911),EventParticipant,ObjectId(5701458ae18bc30038884910)
ObjectId(57020a01e18bc30038884915),EventParticipant,ObjectId(57020a01e18bc30038884914)
ObjectId(57021b66e18bc30038884919),EventParticipant,ObjectId(57021b66e18bc30038884918)
ObjectId(5702367ee18bc3003888491d),Member,ObjectId(5702367ee18bc3003888491c)
ObjectId(57024cb7e18bc30038884921),EventParticipant,ObjectId(57024cb7e18bc30038884920)
ObjectId(57024cd7e18bc30038884925),EventParticipant,ObjectId(57024cd7e18bc30038884924)
ObjectId(57026d71e18bc30038884929),Member,ObjectId(57026d71e18bc30038884928)
ObjectId(5702ac38e18bc3003888492d),EventParticipant,ObjectId(5702ac38e18bc3003888492c)
ObjectId(57033751e18bc30038884931),EventParticipant,ObjectId(57033751e18bc30038884930)
ObjectId(570337a3e18bc30038884935),EventParticipant,ObjectId(570337a3e18bc30038884934)
ObjectId(5703a787e18bc30038884939),EventParticipant,ObjectId(5703a787e18bc30038884938)
ObjectId(5703a7d9e18bc3003888493d),EventParticipant,ObjectId(5703a7d9e18bc3003888493c)
ObjectId(5703b367e18bc30038884941),EventParticipant,ObjectId(5703b367e18bc30038884940)
ObjectId(5703b39ae18bc30038884945),EventParticipant,ObjectId(5703b39ae18bc30038884944)
ObjectId(5703f63ae18bc30038884949),EventParticipant,ObjectId(5703f63ae18bc30038884948)
ObjectId(5703f680e18bc3003888494d),EventParticipant,ObjectId(5703f680e18bc3003888494c)
ObjectId(57040feee18bc30038884951),Member,ObjectId(57040feee18bc30038884950)
ObjectId(57041023e18bc30038884955),EventParticipant,ObjectId(57041022e18bc30038884954)
ObjectId(57042606e18bc30038884959),EventParticipant,ObjectId(57042606e18bc30038884958)
ObjectId(5704d7fbe18bc3003888495d),Member,ObjectId(5704d7fbe18bc3003888495c)
ObjectId(5704ed9ae18bc30038884961),EventParticipant,ObjectId(5704ed9ae18bc30038884960)
ObjectId(5704ee3ce18bc30038884965),EventParticipant,ObjectId(5704ee3ce18bc30038884964)
ObjectId(57063a0fe18bc30038884969),EventParticipant,ObjectId(57063a0fe18bc30038884968)
ObjectId(5708c0e7e18bc3003888496d),EventParticipant,ObjectId(5708c0e7e18bc3003888496c)
ObjectId(5708c102e18bc30038884971),EventParticipant,ObjectId(5708c102e18bc30038884970)
ObjectId(57093576e18bc30038884975),EventParticipant,ObjectId(57093576e18bc30038884974)
ObjectId(5709dae6e18bc30038884979),EventParticipant,ObjectId(5709dae6e18bc30038884978)
ObjectId(5709dbe0e18bc3003888497d),EventParticipant,ObjectId(5709dbe0e18bc3003888497c)
ObjectId(5709fc8be18bc30038884981),EventParticipant,ObjectId(5709fc8be18bc30038884980)
ObjectId(5709fccae18bc30038884985),EventParticipant,ObjectId(5709fccae18bc30038884984)
ObjectId(570a096de18bc30038884989),EventParticipant,ObjectId(570a096de18bc30038884988)
ObjectId(570a09c1e18bc3003888498d),EventParticipant,ObjectId(570a09c1e18bc3003888498c)
ObjectId(570a3065e18bc30038884991),EventParticipant,ObjectId(570a3065e18bc30038884990)
ObjectId(570a54e8e18bc30038884995),EventParticipant,ObjectId(570a54e8e18bc30038884994)
ObjectId(570a765de18bc30038884999),EventParticipant,ObjectId(570a765de18bc30038884998)
ObjectId(570a77d4e18bc3003888499d),EventParticipant,ObjectId(570a77d4e18bc3003888499c)
ObjectId(570a7989e18bc300388849a1),EventParticipant,ObjectId(570a7989e18bc300388849a0)
ObjectId(570a9ad0e18bc300388849a5),EventParticipant,ObjectId(570a9ad0e18bc300388849a4)
ObjectId(570a9b42e18bc300388849a9),EventParticipant,ObjectId(570a9b42e18bc300388849a8)
ObjectId(570a9fb9e18bc300388849ad),EventParticipant,ObjectId(570a9fb9e18bc300388849ac)
ObjectId(570aa8ece18bc300388849b1),EventParticipant,ObjectId(570aa8ece18bc300388849b0)
ObjectId(570aa9cae18bc300388849b5),EventParticipant,ObjectId(570aa9cae18bc300388849b4)
ObjectId(570aa9f1e18bc300388849b9),EventParticipant,ObjectId(570aa9f1e18bc300388849b8)
ObjectId(570aaf1ee18bc300388849bd),EventParticipant,ObjectId(570aaf1ee18bc300388849bc)
ObjectId(570aaf31e18bc300388849c1),EventParticipant,ObjectId(570aaf31e18bc300388849c0)
ObjectId(570abe5fe18bc300388849c5),EventParticipant,ObjectId(570abe5fe18bc300388849c4)
ObjectId(570b5734e18bc300388849c9),EventParticipant,ObjectId(570b5734e18bc300388849c8)
ObjectId(570b580ae18bc300388849cd),EventParticipant,ObjectId(570b580ae18bc300388849cc)
ObjectId(570b6cace18bc300388849d1),Member,ObjectId(570b6cace18bc300388849d0)
ObjectId(570b784be18bc300388849d4),Member,ObjectId(566a802261701e376b395bce)
ObjectId(570b9f6fe18bc300388849d8),EventParticipant,ObjectId(570b9f6fe18bc300388849d7)
ObjectId(570be901e18bc300388849dc),EventParticipant,ObjectId(570be901e18bc300388849db)
ObjectId(570c8fcae18bc300388849e0),Member,ObjectId(570c8fcae18bc300388849df)
ObjectId(570cd9f3e18bc300388849e4),Member,ObjectId(570cd9f3e18bc300388849e3)
ObjectId(570d5047e18bc300388849e8),Member,ObjectId(570d5047e18bc300388849e7)
ObjectId(570fe6cfe18bc300388849ec),Member,ObjectId(570fe6cfe18bc300388849eb)
ObjectId(57113d59e18bc300388849f0),EventParticipant,ObjectId(57113d59e18bc300388849ef)
ObjectId(5711e475e18bc300388849f4),EventParticipant,ObjectId(5711e475e18bc300388849f3)
ObjectId(57131cc2e18bc300388849f8),Member,ObjectId(57131cc2e18bc300388849f7)
ObjectId(5715c943e18bc300388849fe),Member,ObjectId(5715c943e18bc300388849fd)
ObjectId(5716a009e18bc30038884a15),Member,ObjectId(5716a009e18bc30038884a14)
ObjectId(5718c676e18bc30038884a19),Member,ObjectId(5718c676e18bc30038884a18)
ObjectId(57191e21e18bc30038884a1d),Member,ObjectId(57191e21e18bc30038884a1c)
ObjectId(571a10aee18bc30038884a21),Member,ObjectId(571a10aee18bc30038884a20)
ObjectId(571a46dce18bc30038884a25),Member,ObjectId(571a46dce18bc30038884a24)
ObjectId(571c6479e18bc30038884a29),Member,ObjectId(571c6479e18bc30038884a28)
ObjectId(571d09b9e18bc30038884a2d),Member,ObjectId(571d09b9e18bc30038884a2c)
ObjectId(571dacb4e18bc30038884a31),Member,ObjectId(571dacb4e18bc30038884a30)
ObjectId(571db375e18bc30038884a35),Member,ObjectId(571db375e18bc30038884a34)
ObjectId(571f1275e18bc30038884a39),Member,ObjectId(571f1275e18bc30038884a38)
ObjectId(571f4541e18bc30038884a3d),Member,ObjectId(571f4541e18bc30038884a3c)
ObjectId(571f480ee18bc30038884a41),Member,ObjectId(571f480ee18bc30038884a40)
ObjectId(571f4d21e18bc30038884a45),Member,ObjectId(571f4d21e18bc30038884a44)
ObjectId(571f9a1ee18bc30038884a49),Member,ObjectId(571f9a1ee18bc30038884a48)
ObjectId(57207e51e18bc30038884a4d),Member,ObjectId(57207e51e18bc30038884a4c)
ObjectId(5720ec71e18bc30038884a51),Member,ObjectId(5720ec71e18bc30038884a50)
ObjectId(5721d45ae18bc30038884a55),Member,ObjectId(5721d45ae18bc30038884a54)
ObjectId(5721d932e18bc30038884a59),Member,ObjectId(5721d932e18bc30038884a58)
ObjectId(5724668a289595be2094b2aa),Member,ObjectId(57246689289595be2094b2a9)
ObjectId(57262f37289595be2094b2ae),Member,ObjectId(57262f37289595be2094b2ad)
ObjectId(57270154289595be2094b2b2),Member,ObjectId(57270154289595be2094b2b1)
ObjectId(572748c9289595be2094b2b6),Member,ObjectId(572748c9289595be2094b2b5)
ObjectId(57289ed5289595be2094b2b9),Member,ObjectId(566a802261701e376b395bca)
ObjectId(5728dfbd289595be2094b2bd),Member,ObjectId(5728dfbd289595be2094b2bc)
ObjectId(5729100d289595be2094b2c1),Member,ObjectId(5729100d289595be2094b2c0)
ObjectId(5729d53e289595be2094b2c5),Member,ObjectId(5729d53e289595be2094b2c4)
ObjectId(572c503f289595be2094b2c9),Member,ObjectId(572c503f289595be2094b2c8)
ObjectId(572c53b7289595be2094b2cd),Member,ObjectId(572c53b7289595be2094b2cc)
ObjectId(572c7308289595be2094b2d1),Member,ObjectId(572c7308289595be2094b2d0)
ObjectId(572ef1eb289595be2094b2d5),Member,ObjectId(572ef1eb289595be2094b2d4)
ObjectId(57306804289595be2094b2df),Member,ObjectId(57306804289595be2094b2de)
ObjectId(57318494289595be2094b2e5),Member,ObjectId(57318494289595be2094b2e4)
ObjectId(57332c7e06d7b5c2363a16bf),Member,ObjectId(57332c7e06d7b5c2363a16be)
ObjectId(5735e08406d7b5c2363a16c3),Member,ObjectId(5735e08406d7b5c2363a16c2)
ObjectId(5735e7d806d7b5c2363a16c7),Member,ObjectId(5735e7d806d7b5c2363a16c6)
ObjectId(57387d1e06d7b5c2363a16cb),Member,ObjectId(57387d1e06d7b5c2363a16ca)
ObjectId(573ae17f06d7b5c2363a16cf),Member,ObjectId(573ae17f06d7b5c2363a16ce)
ObjectId(573e1b8f06d7b5c2363a16d3),Member,ObjectId(573e1b8f06d7b5c2363a16d2)
ObjectId(5742c19806d7b5c2363a16d7),Member,ObjectId(5742c19806d7b5c2363a16d6)
ObjectId(574d4c2e06d7b5c2363a16fd),Member,ObjectId(574d4c2e06d7b5c2363a16fc)
ObjectId(574ebcfd06d7b5c2363a1701),Member,ObjectId(574ebcfd06d7b5c2363a1700)
ObjectId(57530c4706d7b5c2363a170d),Member,ObjectId(57530c4706d7b5c2363a170c)
ObjectId(57556c1206d7b5c2363a1711),Member,ObjectId(57556c1106d7b5c2363a1710)
ObjectId(575578f406d7b5c2363a1715),Member,ObjectId(575578f406d7b5c2363a1714)
ObjectId(5755791b06d7b5c2363a1719),Member,ObjectId(5755791b06d7b5c2363a1718)
ObjectId(5755b4cd06d7b5c2363a171d),Member,ObjectId(5755b4cd06d7b5c2363a171c)
ObjectId(5755da2906d7b5c2363a1721),Member,ObjectId(5755da2906d7b5c2363a1720)
ObjectId(5756871806d7b5c2363a1725),Member,ObjectId(5756871806d7b5c2363a1724)
ObjectId(575e600106d7b5c2363a172f),Member,ObjectId(575e600106d7b5c2363a172e)
ObjectId(575e85b406d7b5c2363a1733),Member,ObjectId(575e85b406d7b5c2363a1732)
ObjectId(57624b9606d7b5c2363a1737),Member,ObjectId(57624b9606d7b5c2363a1736)
ObjectId(5762e79006d7b5c2363a173b),Member,ObjectId(5762e79006d7b5c2363a173a)
ObjectId(576582618e791d7826721225),Member,ObjectId(5616e76ccb8cc0d206617a56)
ObjectId(576701dd8e791d782672122c),Member,ObjectId(576701dd8e791d782672122b)
ObjectId(576e43908e791d7826721231),Member,ObjectId(576e43908e791d7826721230)
ObjectId(576f68ee8e791d7826721235),Member,ObjectId(566a81ea61701e376b395c94)
ObjectId(576ff0b08e791d7826721239),Member,ObjectId(566a81ea61701e376b395cc6)
ObjectId(57701e488e791d782672123e),Member,ObjectId(57701e488e791d782672123d)
ObjectId(57701e668e791d7826721242),Member,ObjectId(566a81ea61701e376b395cc3)
ObjectId(5770b79e8e791d7826721246),Member,ObjectId(566a81ea61701e376b395c7d)
ObjectId(5770ca5a8e791d782672124b),Member,ObjectId(5770ca5a8e791d782672124a)
ObjectId(5772d7108e791d7826721250),Member,ObjectId(5772d7108e791d782672124f)
ObjectId(5773ae6f8e791d7826721257),Member,ObjectId(5773ae6f8e791d7826721256)
ObjectId(5776696c8e791d782672125b),Member,ObjectId(566a81ea61701e376b395c71)
ObjectId(577b5a728e791d7826721269),Member,ObjectId(566a81ea61701e376b395c8d)
ObjectId(577cc2238e791d782672126e),Member,ObjectId(577cc2238e791d782672126d)
ObjectId(577d09328e791d7826721273),Member,ObjectId(577d09328e791d7826721272)
ObjectId(577e632b8e791d7826721278),Member,ObjectId(577e632b8e791d7826721277)
ObjectId(5784da078e791d782672127d),Member,ObjectId(5784da078e791d782672127c)
ObjectId(5784dafa8e791d7826721282),Member,ObjectId(5784dafa8e791d7826721281)
ObjectId(5788788c8e791d7826721287),Member,ObjectId(5788788c8e791d7826721286)
ObjectId(578bab498e791d782672128b),Member,ObjectId(566a81ea61701e376b395cd3)
ObjectId(579086ca8e791d782672128f),Member,ObjectId(566a81ea61701e376b395c6c)
ObjectId(57911dcc8e791d7826721294),Member,ObjectId(57911dcc8e791d7826721293)
ObjectId(5795e6588e791d7826721299),Member,ObjectId(5795e6588e791d7826721298)
ObjectId(579786918e791d782672129d),Member,ObjectId(566a81ea61701e376b395c8b)
ObjectId(5797a6698e791d78267212a2),Member,ObjectId(5797a6698e791d78267212a1)
ObjectId(5798a9068e791d78267212a7),Member,ObjectId(5798a9068e791d78267212a6)
ObjectId(57a11ca58e791d78267212ae),Member,ObjectId(57a11ca58e791d78267212ad)
ObjectId(57a84e9d8e791d78267212b3),Member,ObjectId(57a84e9d8e791d78267212b2)
ObjectId(57aa2c0e8e791d78267212b8),Member,ObjectId(57aa2c0e8e791d78267212b7)
ObjectId(57aa39b68e791d78267212bd),Member,ObjectId(57aa39b68e791d78267212bc)
ObjectId(57ab1a548e791d78267212c2),Member,ObjectId(57ab1a548e791d78267212c1)
ObjectId(57aedfe68e791d78267212c7),Member,ObjectId(57aedfe68e791d78267212c6)
ObjectId(57aef5f08e791d78267212cc),Member,ObjectId(57aef5f08e791d78267212cb)
ObjectId(57af78228e791d78267212d1),Member,ObjectId(57af78228e791d78267212d0)
ObjectId(57b374d08e791d78267212d8),Member,ObjectId(57b374d08e791d78267212d7)
ObjectId(57b6df2c8e791d78267212df),Member,ObjectId(57b6df2c8e791d78267212de)
ObjectId(57c41936774b3f1d42ca2486),Member,ObjectId(57c41936774b3f1d42ca2485)
ObjectId(57c96d44774b3f1d42ca248d),Member,ObjectId(57c96d44774b3f1d42ca248c)
ObjectId(57ca7536774b3f1d42ca2492),Member,ObjectId(57ca7536774b3f1d42ca2491)
ObjectId(57cd291d774b3f1d42ca2497),Member,ObjectId(57cd291d774b3f1d42ca2496)
ObjectId(57cebf49774b3f1d42ca249c),Member,ObjectId(57cebf49774b3f1d42ca249b)
ObjectId(57cff668774b3f1d42ca24a1),Member,ObjectId(57cff668774b3f1d42ca24a0)
ObjectId(57d02ec7774b3f1d42ca24a6),Member,ObjectId(57d02ec7774b3f1d42ca24a5)
ObjectId(57d13ee8774b3f1d42ca24ab),Member,ObjectId(57d13ee8774b3f1d42ca24aa)
ObjectId(57d198db774b3f1d42ca24b0),Member,ObjectId(57d198db774b3f1d42ca24af)
ObjectId(57d271e2774b3f1d42ca24b5),Member,ObjectId(57d271e2774b3f1d42ca24b4)
ObjectId(57d421fa774b3f1d42ca24ba),Member,ObjectId(57d421fa774b3f1d42ca24b9)
ObjectId(57d52f04774b3f1d42ca24bf),Member,ObjectId(57d52f04774b3f1d42ca24be)
ObjectId(57d980eb774b3f1d42ca24c4),Member,ObjectId(57d980eb774b3f1d42ca24c3)
ObjectId(57dfa2a5774b3f1d42ca24ce),Member,ObjectId(57dfa2a5774b3f1d42ca24cd)
ObjectId(57e0dfa8774b3f1d42ca24d3),Member,ObjectId(57e0dfa8774b3f1d42ca24d2)
ObjectId(57e16225774b3f1d42ca251f),Member,ObjectId(57e16225774b3f1d42ca251e)
ObjectId(57e5279e774b3f1d42ca2524),Member,ObjectId(57e5279e774b3f1d42ca2523)
ObjectId(57e56f90774b3f1d42ca2529),Member,ObjectId(57e56f90774b3f1d42ca2528)
ObjectId(57e77ee4774b3f1d42ca252e),Member,ObjectId(57e77ee4774b3f1d42ca252d)
ObjectId(57e7908c774b3f1d42ca2533),Member,ObjectId(57e7908c774b3f1d42ca2532)
ObjectId(57e7fa3b774b3f1d42ca253e),Member,ObjectId(57e7fa3b774b3f1d42ca253d)
ObjectId(57e8e142774b3f1d42ca2543),Member,ObjectId(57e8e142774b3f1d42ca2542)
ObjectId(57e9709a774b3f1d42ca2548),Member,ObjectId(57e9709a774b3f1d42ca2547)
ObjectId(57eb7c7a774b3f1d42ca254f),Member,ObjectId(57eb7c7a774b3f1d42ca254e)
ObjectId(57eb7c99774b3f1d42ca2554),Member,ObjectId(57eb7c99774b3f1d42ca2553)
ObjectId(57ecabe9774b3f1d42ca2559),Member,ObjectId(57ecabe9774b3f1d42ca2558)
ObjectId(57ed6f35774b3f1d42ca255e),Member,ObjectId(57ed6f35774b3f1d42ca255d)
ObjectId(57f11323774b3f1d42ca2565),Member,ObjectId(57f11323774b3f1d42ca2564)
ObjectId(57f20054774b3f1d42ca256a),Member,ObjectId(57f20054774b3f1d42ca2569)
ObjectId(57f2b8a3774b3f1d42ca256f),Member,ObjectId(57f2b8a3774b3f1d42ca256e)
ObjectId(57f41253774b3f1d42ca2574),Member,ObjectId(57f41253774b3f1d42ca2573)
ObjectId(57f4ed1a774b3f1d42ca2579),Member,ObjectId(57f4ed1a774b3f1d42ca2578)
ObjectId(57f5320a774b3f1d42ca257e),Member,ObjectId(57f5320a774b3f1d42ca257d)
ObjectId(57f5ef89774b3f1d42ca258d),Member,ObjectId(57f5ef89774b3f1d42ca258c)
ObjectId(57fbaa94774b3f1d42ca2592),Member,ObjectId(57fbaa94774b3f1d42ca2591)
ObjectId(57fd3f0f774b3f1d42ca259f),EventParticipant,ObjectId(57fd3f0f774b3f1d42ca259e)
ObjectId(57fd45aa774b3f1d42ca25a4),EventParticipant,ObjectId(57fd45aa774b3f1d42ca25a3)
ObjectId(57fd4aa5774b3f1d42ca25a9),EventParticipant,ObjectId(57fd4aa5774b3f1d42ca25a8)
ObjectId(57fde17f774b3f1d42ca25ae),EventParticipant,ObjectId(57fde17f774b3f1d42ca25ad)
ObjectId(57fdf594774b3f1d42ca25b3),Member,ObjectId(57fdf594774b3f1d42ca25b2)
ObjectId(57fe0754774b3f1d42ca25b8),EventParticipant,ObjectId(57fe0754774b3f1d42ca25b7)
ObjectId(57fe0a2d774b3f1d42ca25bd),Member,ObjectId(57fe0a2d774b3f1d42ca25bc)
ObjectId(57fe3847774b3f1d42ca25c2),Member,ObjectId(57fe3847774b3f1d42ca25c1)
ObjectId(57ff6741774b3f1d42ca25c6),Member,ObjectId(566a81ea61701e376b395cc2)
ObjectId(58007e1c774b3f1d42ca25cb),EventParticipant,ObjectId(58007e1c774b3f1d42ca25ca)
ObjectId(5800c7b1774b3f1d42ca25d0),Member,ObjectId(5800c7b1774b3f1d42ca25cf)
ObjectId(58028781774b3f1d42ca25d5),EventParticipant,ObjectId(58028781774b3f1d42ca25d4)
ObjectId(5802ae01774b3f1d42ca25da),Member,ObjectId(5802ae01774b3f1d42ca25d9)
ObjectId(5803df89774b3f1d42ca25df),EventParticipant,ObjectId(5803df89774b3f1d42ca25de)
ObjectId(5805fdc7774b3f1d42ca25e4),EventParticipant,ObjectId(5805fdc7774b3f1d42ca25e3)
ObjectId(580721c8774b3f1d42ca25e9),Member,ObjectId(580721c8774b3f1d42ca25e8)
ObjectId(580737bd774b3f1d42ca25ee),Member,ObjectId(580737bd774b3f1d42ca25ed)
ObjectId(58079d0a774b3f1d42ca25f3),Member,ObjectId(58079d0a774b3f1d42ca25f2)
ObjectId(58079d92774b3f1d42ca25f8),Member,ObjectId(58079d92774b3f1d42ca25f7)
ObjectId(580923b9774b3f1d42ca25fd),EventParticipant,ObjectId(580923b9774b3f1d42ca25fc)
ObjectId(580dee56774b3f1d42ca2602),EventParticipant,ObjectId(580dee56774b3f1d42ca2601)
ObjectId(580f637fc04f63e50993687b),EventParticipant,ObjectId(580f637fc04f63e50993687a)
ObjectId(581059c6c04f63e509936882),Member,ObjectId(581059c6c04f63e509936881)
ObjectId(5814604fc04f63e509936887),Member,ObjectId(5814604fc04f63e509936886)
ObjectId(5815d65ec04f63e50993688c),EventParticipant,ObjectId(5815d65ec04f63e50993688b)
ObjectId(5815ea77c04f63e5099368b5),EventParticipant,ObjectId(5815ea77c04f63e5099368b4)
ObjectId(581640cfc04f63e5099368ba),Member,ObjectId(581640cfc04f63e5099368b9)
ObjectId(58172decc04f63e5099368bf),Member,ObjectId(58172decc04f63e5099368be)
ObjectId(58190fc0c04f63e5099368cc),Member,ObjectId(58190fc0c04f63e5099368cb)
ObjectId(5819c593c04f63e5099368d1),Member,ObjectId(5819c593c04f63e5099368d0)
ObjectId(5819e320c04f63e5099368d6),Member,ObjectId(5819e320c04f63e5099368d5)
ObjectId(581a3f01c04f63e5099368db),EventParticipant,ObjectId(581a3f01c04f63e5099368da)
ObjectId(581a4ec4c04f63e5099368e4),Member,ObjectId(581a4ec4c04f63e5099368e3)
ObjectId(581b2099c04f63e5099368ec),Member,ObjectId(581b2099c04f63e5099368eb)
ObjectId(581c28f5c04f63e5099368f1),EventParticipant,ObjectId(581c28f5c04f63e5099368f0)
ObjectId(581e40b0c04f63e5099368f6),Member,ObjectId(581e40b0c04f63e5099368f5)
ObjectId(581efbc8c04f63e5099368fb),EventParticipant,ObjectId(581efbc8c04f63e5099368fa)
ObjectId(581f1bcec04f63e509936900),EventParticipant,ObjectId(581f1bcec04f63e5099368ff)
ObjectId(581f3e8ac04f63e509936905),Member,ObjectId(581f3e8ac04f63e509936904)
ObjectId(581f5000c04f63e50993690a),Member,ObjectId(581f5000c04f63e509936909)
ObjectId(581f88a4c04f63e509936913),EventParticipant,ObjectId(581f88a4c04f63e509936912)
ObjectId(582090a7c04f63e50993691c),EventParticipant,ObjectId(582090a7c04f63e50993691b)
ObjectId(5820911bc04f63e509936921),EventParticipant,ObjectId(5820911bc04f63e509936920)
ObjectId(5820e112c04f63e509936925),Member,ObjectId(566a838c61701e376b395ced)
ObjectId(5820ef7ec04f63e50993692a),EventParticipant,ObjectId(5820ef7ec04f63e509936929)
ObjectId(58223f46c04f63e509936933),Member,ObjectId(58223f46c04f63e509936932)
ObjectId(58225067c04f63e509936938),Member,ObjectId(58225067c04f63e509936937)
ObjectId(5822db04c04f63e50993693d),Member,ObjectId(5822db04c04f63e50993693c)
ObjectId(5823578ac04f63e509936943),Member,ObjectId(5616e76ccb8cc0d206617a56)
ObjectId(58239c87c04f63e50993694a),Member,ObjectId(58239c87c04f63e509936949)
ObjectId(5824684dc04f63e50993694f),Member,ObjectId(5824684dc04f63e50993694e)
ObjectId(5824beb0ce38c6f137e59111),EventParticipant,ObjectId(5824beb0ce38c6f137e59110)
ObjectId(58264cebce38c6f137e59118),Member,ObjectId(58264cebce38c6f137e59117)
ObjectId(5826c282ce38c6f137e5911d),Member,ObjectId(5826c282ce38c6f137e5911c)
ObjectId(582893b0ce38c6f137e59123),EventParticipant,ObjectId(582893b0ce38c6f137e59122)
ObjectId(582893f5ce38c6f137e59128),EventParticipant,ObjectId(582893f5ce38c6f137e59127)
ObjectId(58298a30ce38c6f137e5912f),Member,ObjectId(58298a30ce38c6f137e5912e)
ObjectId(582adeacce38c6f137e59134),Member,ObjectId(582adeacce38c6f137e59133)
ObjectId(582ca066ce38c6f137e59139),Member,ObjectId(582ca066ce38c6f137e59138)
ObjectId(582cd84ece38c6f137e5913e),EventParticipant,ObjectId(582cd84ece38c6f137e5913d)
ObjectId(583186d0ce38c6f137e59144),Member,ObjectId(583186d0ce38c6f137e59143)
ObjectId(5831f63ece38c6f137e59149),Member,ObjectId(5831f63ece38c6f137e59148)
ObjectId(583428bcce38c6f137e5914e),Member,ObjectId(583428bcce38c6f137e5914d)
ObjectId(5834a644ce38c6f137e59153),Member,ObjectId(5834a643ce38c6f137e59152)
ObjectId(58374509ce38c6f137e5915f),Member,ObjectId(58374509ce38c6f137e5915e)
ObjectId(5839554fce38c6f137e59164),Member,ObjectId(5839554fce38c6f137e59163)
ObjectId(58395927ce38c6f137e59168),Member,ObjectId(566a856461701e376b395dba)
ObjectId(583ab76fce38c6f137e5916c),Member,ObjectId(567415e361701e376b395eec)
ObjectId(583b00aece38c6f137e59170),Member,ObjectId(566a838c61701e376b395cdb)
ObjectId(583bf7face38c6f137e59175),Member,ObjectId(583bf7face38c6f137e59174)
ObjectId(583d8e76ce38c6f137e59182),Member,ObjectId(583d8e76ce38c6f137e59181)
ObjectId(583de138ce38c6f137e59187),Member,ObjectId(583de138ce38c6f137e59186)
ObjectId(583e8047ce38c6f137e5918c),Member,ObjectId(583e8047ce38c6f137e5918b)
ObjectId(583ed0e8ce38c6f137e59191),Member,ObjectId(583ed0e8ce38c6f137e59190)
ObjectId(583fe03dce38c6f137e59196),Member,ObjectId(583fe03dce38c6f137e59195)
ObjectId(583fe7a1ce38c6f137e5919b),Member,ObjectId(583fe7a1ce38c6f137e5919a)
